{
      "annotations": {
         "list": [ ]
      },
      "editable": true,
      "gnetId": null,
      "graphTooltip": 0,
      "hideControls": false,
      "links": [
         {
            "asDropdown": true,
            "icon": "external link",
            "includeVars": true,
            "keepTime": true,
            "tags": [
               "loki"
            ],
            "targetBlank": false,
            "title": "Loki Dashboards",
            "type": "dashboards"
         }
      ],
      "refresh": "10s",
      "rows": [
         {
            "collapse": false,
            "height": "250px",
            "panels": [
               {
                  "aliasColors": {
                     "1xx": "#EAB839",
                     "2xx": "#7EB26D",
                     "3xx": "#6ED0E0",
                     "4xx": "#EF843C",
                     "5xx": "#E24D42",
                     "error": "#E24D42",
                     "success": "#7EB26D"
                  },
                  "bars": false,
                  "dashLength": 10,
                  "dashes": false,
                  "datasource": "$datasource",
                  "fill": 10,
                  "id": 1,
                  "legend": {
                     "avg": false,
                     "current": false,
                     "max": false,
                     "min": false,
                     "show": true,
                     "total": false,
                     "values": false
                  },
                  "lines": true,
                  "linewidth": 0,
                  "links": [ ],
                  "nullPointMode": "null as zero",
                  "percentage": false,
                  "pointradius": 5,
                  "points": false,
                  "renderer": "flot",
                  "seriesOverrides": [ ],
                  "spaceLength": 10,
                  "span": 6,
                  "stack": true,
                  "steppedLine": false,
                  "targets": [
                     {
                        "expr": "sum by (status) (\n  label_replace(label_replace(rate(loki_request_duration_seconds_count{cluster=~\"$cluster\",job=~\"($namespace)/(loki|enterprise-logs)-write\", route=~\"api_prom_push|loki_api_v1_push|/httpgrpc.HTTP/Handle\"}[$__rate_interval]),\n  \"status\", \"${1}xx\", \"status_code\", \"([0-9])..\"),\n  \"status\", \"${1}\", \"status_code\", \"([a-z]+)\"))\n",
                        "format": "time_series",
                        "intervalFactor": 2,
                        "legendFormat": "{{status}}",
                        "refId": "A",
                        "step": 10
                     }
                  ],
                  "thresholds": [ ],
                  "timeFrom": null,
                  "timeShift": null,
                  "title": "QPS",
                  "tooltip": {
                     "shared": true,
                     "sort": 2,
                     "value_type": "individual"
                  },
                  "type": "graph",
                  "xaxis": {
                     "buckets": null,
                     "mode": "time",
                     "name": null,
                     "show": true,
                     "values": [ ]
                  },
                  "yaxes": [
                     {
                        "format": "short",
                        "label": null,
                        "logBase": 1,
                        "max": null,
                        "min": 0,
                        "show": true
                     },
                     {
                        "format": "short",
                        "label": null,
                        "logBase": 1,
                        "max": null,
                        "min": null,
                        "show": false
                     }
                  ]
               },
               {
                  "aliasColors": { },
                  "bars": false,
                  "dashLength": 10,
                  "dashes": false,
                  "datasource": "$datasource",
                  "fill": 1,
                  "id": 2,
                  "legend": {
                     "avg": false,
                     "current": false,
                     "max": false,
                     "min": false,
                     "show": true,
                     "total": false,
                     "values": false
                  },
                  "lines": true,
                  "linewidth": 1,
                  "links": [ ],
                  "nullPointMode": "null as zero",
                  "percentage": false,
                  "pointradius": 5,
                  "points": false,
                  "renderer": "flot",
                  "seriesOverrides": [ ],
                  "spaceLength": 10,
                  "span": 6,
                  "stack": false,
                  "steppedLine": false,
                  "targets": [
                     {
                        "expr": "histogram_quantile(0.99, sum by (le) (job:loki_request_duration_seconds_bucket:sum_rate{job=~\"($namespace)/(loki|enterprise-logs)-write\", cluster=~\"$cluster\"})) * 1e3",
                        "format": "time_series",
                        "intervalFactor": 2,
                        "legendFormat": "99th Percentile",
                        "refId": "A",
                        "step": 10
                     },
                     {
                        "expr": "histogram_quantile(0.50, sum by (le) (job:loki_request_duration_seconds_bucket:sum_rate{job=~\"($namespace)/(loki|enterprise-logs)-write\", cluster=~\"$cluster\"})) * 1e3",
                        "format": "time_series",
                        "intervalFactor": 2,
                        "legendFormat": "50th Percentile",
                        "refId": "B",
                        "step": 10
                     },
                     {
                        "expr": "1e3 * sum(job:loki_request_duration_seconds_sum:sum_rate{job=~\"($namespace)/(loki|enterprise-logs)-write\", cluster=~\"$cluster\"}) / sum(job:loki_request_duration_seconds_count:sum_rate{job=~\"($namespace)/(loki|enterprise-logs)-write\", cluster=~\"$cluster\"})",
                        "format": "time_series",
                        "intervalFactor": 2,
                        "legendFormat": "Average",
                        "refId": "C",
                        "step": 10
                     }
                  ],
                  "thresholds": [ ],
                  "timeFrom": null,
                  "timeShift": null,
                  "title": "Latency",
                  "tooltip": {
                     "shared": true,
                     "sort": 2,
                     "value_type": "individual"
                  },
                  "type": "graph",
                  "xaxis": {
                     "buckets": null,
                     "mode": "time",
                     "name": null,
                     "show": true,
                     "values": [ ]
                  },
                  "yaxes": [
                     {
                        "format": "ms",
                        "label": null,
                        "logBase": 1,
                        "max": null,
                        "min": 0,
                        "show": true
                     },
                     {
                        "format": "short",
                        "label": null,
                        "logBase": 1,
                        "max": null,
                        "min": null,
                        "show": false
                     }
                  ]
               }
            ],
            "repeat": null,
            "repeatIteration": null,
            "repeatRowId": null,
            "showTitle": true,
            "title": "Write Path",
            "titleSize": "h6"
         },
         {
            "collapse": false,
            "height": "250px",
            "panels": [
               {
                  "aliasColors": {
                     "1xx": "#EAB839",
                     "2xx": "#7EB26D",
                     "3xx": "#6ED0E0",
                     "4xx": "#EF843C",
                     "5xx": "#E24D42",
                     "error": "#E24D42",
                     "success": "#7EB26D"
                  },
                  "bars": false,
                  "dashLength": 10,
                  "dashes": false,
                  "datasource": "$datasource",
                  "fill": 10,
                  "id": 3,
                  "legend": {
                     "avg": false,
                     "current": false,
                     "max": false,
                     "min": false,
                     "show": true,
                     "total": false,
                     "values": false
                  },
                  "lines": true,
                  "linewidth": 0,
                  "links": [ ],
                  "nullPointMode": "null as zero",
                  "percentage": false,
                  "pointradius": 5,
                  "points": false,
                  "renderer": "flot",
                  "seriesOverrides": [ ],
                  "spaceLength": 10,
                  "span": 6,
                  "stack": true,
                  "steppedLine": false,
                  "targets": [
                     {
                        "expr": "sum by (status) (\n  label_replace(label_replace(rate(loki_boltdb_shipper_request_duration_seconds_count{cluster=~\"$cluster\",job=~\"($namespace)/(loki|enterprise-logs)-write\", operation=\"WRITE\"}[$__rate_interval]),\n  \"status\", \"${1}xx\", \"status_code\", \"([0-9])..\"),\n  \"status\", \"${1}\", \"status_code\", \"([a-z]+)\"))\n",
                        "format": "time_series",
                        "intervalFactor": 2,
                        "legendFormat": "{{status}}",
                        "refId": "A",
                        "step": 10
                     }
                  ],
                  "thresholds": [ ],
                  "timeFrom": null,
                  "timeShift": null,
                  "title": "QPS",
                  "tooltip": {
                     "shared": true,
                     "sort": 2,
                     "value_type": "individual"
                  },
                  "type": "graph",
                  "xaxis": {
                     "buckets": null,
                     "mode": "time",
                     "name": null,
                     "show": true,
                     "values": [ ]
                  },
                  "yaxes": [
                     {
                        "format": "short",
                        "label": null,
                        "logBase": 1,
                        "max": null,
                        "min": 0,
                        "show": true
                     },
                     {
                        "format": "short",
                        "label": null,
                        "logBase": 1,
                        "max": null,
                        "min": null,
                        "show": false
                     }
                  ]
               },
               {
                  "aliasColors": { },
                  "bars": false,
                  "dashLength": 10,
                  "dashes": false,
                  "datasource": "$datasource",
                  "fill": 1,
                  "id": 4,
                  "legend": {
                     "avg": false,
                     "current": false,
                     "max": false,
                     "min": false,
                     "show": true,
                     "total": false,
                     "values": false
                  },
                  "lines": true,
                  "linewidth": 1,
                  "links": [ ],
                  "nullPointMode": "null as zero",
                  "percentage": false,
                  "pointradius": 5,
                  "points": false,
                  "renderer": "flot",
                  "seriesOverrides": [ ],
                  "spaceLength": 10,
                  "span": 6,
                  "stack": false,
                  "steppedLine": false,
                  "targets": [
                     {
                        "expr": "histogram_quantile(0.99, sum(rate(loki_boltdb_shipper_request_duration_seconds_bucket{cluster=~\"$cluster\",job=~\"($namespace)/(loki|enterprise-logs)-write\", operation=\"WRITE\"}[$__rate_interval])) by (le)) * 1e3",
                        "format": "time_series",
                        "intervalFactor": 2,
                        "legendFormat": "99th Percentile",
                        "refId": "A",
                        "step": 10
                     },
                     {
                        "expr": "histogram_quantile(0.50, sum(rate(loki_boltdb_shipper_request_duration_seconds_bucket{cluster=~\"$cluster\",job=~\"($namespace)/(loki|enterprise-logs)-write\", operation=\"WRITE\"}[$__rate_interval])) by (le)) * 1e3",
                        "format": "time_series",
                        "intervalFactor": 2,
                        "legendFormat": "50th Percentile",
                        "refId": "B",
                        "step": 10
                     },
                     {
                        "expr": "sum(rate(loki_boltdb_shipper_request_duration_seconds_sum{cluster=~\"$cluster\",job=~\"($namespace)/(loki|enterprise-logs)-write\", operation=\"WRITE\"}[$__rate_interval])) * 1e3 / sum(rate(loki_boltdb_shipper_request_duration_seconds_count{cluster=~\"$cluster\",job=~\"($namespace)/(loki|enterprise-logs)-write\", operation=\"WRITE\"}[$__rate_interval]))",
                        "format": "time_series",
                        "intervalFactor": 2,
                        "legendFormat": "Average",
                        "refId": "C",
                        "step": 10
                     }
                  ],
                  "thresholds": [ ],
                  "timeFrom": null,
                  "timeShift": null,
                  "title": "Latency",
                  "tooltip": {
                     "shared": true,
                     "sort": 2,
                     "value_type": "individual"
                  },
                  "type": "graph",
                  "xaxis": {
                     "buckets": null,
                     "mode": "time",
                     "name": null,
                     "show": true,
                     "values": [ ]
                  },
                  "yaxes": [
                     {
                        "format": "ms",
                        "label": null,
                        "logBase": 1,
                        "max": null,
                        "min": 0,
                        "show": true
                     },
                     {
                        "format": "short",
                        "label": null,
                        "logBase": 1,
                        "max": null,
                        "min": null,
                        "show": false
                     }
                  ]
               }
            ],
            "repeat": null,
            "repeatIteration": null,
            "repeatRowId": null,
            "showTitle": true,
            "title": "BoltDB Shipper",
            "titleSize": "h6"
         }
      ],
      "schemaVersion": 14,
      "style": "dark",
      "tags": [
         "loki"
      ],
      "templating": {
         "list": [
            {
               "current": {
                  "text": "default",
                  "value": "default"
               },
               "hide": 0,
               "label": "Data Source",
               "name": "datasource",
               "options": [ ],
               "query": "prometheus",
               "refresh": 1,
               "regex": "",
               "type": "datasource"
            },
            {
               "allValue": null,
               "current": {
                  "text": "prod",
                  "value": "prod"
               },
               "datasource": "$datasource",
               "hide": 0,
               "includeAll": false,
               "label": "cluster",
               "multi": false,
               "name": "cluster",
               "options": [ ],
               "query": "label_values(loki_build_info, cluster)",
               "refresh": 1,
               "regex": "",
               "sort": 2,
               "tagValuesQuery": "",
               "tags": [ ],
               "tagsQuery": "",
               "type": "query",
               "useTags": false
            },
            {
               "allValue": null,
               "current": {
                  "text": "prod",
                  "value": "prod"
               },
               "datasource": "$datasource",
               "hide": 0,
               "includeAll": false,
               "label": "namespace",
               "multi": false,
               "name": "namespace",
               "options": [ ],
               "query": "label_values(loki_build_info{cluster=~\"$cluster\"}, namespace)",
               "refresh": 1,
               "regex": "",
               "sort": 2,
               "tagValuesQuery": "",
               "tags": [ ],
               "tagsQuery": "",
               "type": "query",
               "useTags": false
            }
         ]
      },
      "time": {
         "from": "now-1h",
         "to": "now"
      },
      "timepicker": {
         "refresh_intervals": [
            "5s",
            "10s",
            "30s",
            "1m",
            "5m",
            "15m",
            "30m",
            "1h",
            "2h",
            "1d"
         ],
         "time_options": [
            "5m",
            "15m",
            "1h",
            "6h",
            "12h",
            "24h",
            "2d",
            "7d",
            "30d"
         ]
      },
      "timezone": "utc",
      "title": "Loki / Writes",
      "uid": "writes",
      "version": 0
   }